Clube,Player,age,Position_Num,Height,Taxa_Transferencia,Value_Num,fb_Mn/MP,fb_PPM,fb_+/-,fb_xG+/-,Dum_MC,age_centered,age_sq,ln_Value_Num,pos_rnc,pts_rnc,cluster
atletico_mineiro,Alexsander,21.0,5.0,1.78,6500000,5000000.0,58.0,1.0,-1.0,-0.1,1,-7.95438596491228,63.27225607879347,15.424948470398377,1,19626,2.0
atletico_mineiro,Fausto Vera,25.0,5.0,1.8,4500000,5000000.0,64.0,1.33,-3.0,-0.9,1,-3.95438596491228,15.637168359495226,15.424948470398377,1,19626,2.0
atletico_mineiro,Gabriel Menino,24.0,6.0,1.76,0,7000000.0,50.0,1.14,-1.0,-1.1,1,-4.95438596491228,24.545940289319784,15.761420707019589,1,19626,2.0
atletico_mineiro,Alan Franco,27.0,6.0,1.76,2100000,4000000.0,85.0,1.13,-3.0,2.1,1,-1.95438596491228,3.819624499846104,15.201804919084164,1,19626,2.0
atletico_mineiro,Gustavo Scarpa,31.0,7.0,1.77,5000000,7500000.0,76.0,1.26,-3.0,2.9,1,2.04561403508772,4.184536780547863,15.83041357850654,1,19626,2.0
atletico_mineiro,Igor Gomes,26.0,7.0,1.83,0,3500000.0,39.0,1.35,1.0,-0.1,1,-2.95438596491228,8.728396429670665,15.068273526459642,1,19626,2.0
atletico_mineiro,Reinier,23.0,7.0,1.85,0,1500000.0,52.0,0.0,-2.0,-0.5,1,-5.95438596491228,35.45471221914435,14.22097566607244,1,19626,2.0
bahia,Caio Alexandre,26.0,5.0,1.74,4500000,6500000.0,74.0,1.88,5.0,4.6,1,-2.95438596491228,8.728396429670665,15.687312734865866,2,19459,2.0
bahia,Erick,27.0,5.0,1.76,4500000,4500000.0,52.0,1.88,2.0,0.3,1,-1.95438596491228,3.819624499846104,15.319587954740548,2,19459,2.0
bahia,Nicolás Acevedo,26.0,5.0,1.73,2850000,4000000.0,33.0,2.21,4.0,-1.3,1,-2.95438596491228,8.728396429670665,15.201804919084164,2,19459,2.0
bahia,Jean Lucas,27.0,6.0,1.81,4500000,8000000.0,77.0,1.94,9.0,6.1,1,-1.95438596491228,3.819624499846104,15.89495209964411,2,19459,2.0
bahia,Everton Ribeiro,36.0,7.0,1.74,0,1500000.0,64.0,1.88,7.0,6.4,1,7.04561403508772,49.640677131425065,14.22097566607244,2,19459,2.0
botafogo,Danilo,24.0,5.0,1.77,23000000,2800000.0,39.0,1.5,6.0,1.4,1,-4.95438596491228,24.545940289319784,14.845129975145433,3,18360,2.0
botafogo,Marlon Freitas,30.0,5.0,1.85,0,6000000.0,85.0,1.65,8.0,4.6,1,1.04561403508772,1.0933087103724235,15.60727002719233,3,18360,2.0
botafogo,Allan,34.0,5.0,1.75,0,2000000.0,47.0,1.8,-2.0,0.0,1,5.04561403508772,25.45822099107418,14.50865773852422,3,18360,2.0
botafogo,Newton,25.0,5.0,1.88,190000000,1000000.0,59.0,1.75,5.0,1.1,1,-3.95438596491228,15.637168359495226,13.815510557964274,3,18360,2.0
botafogo,Jefferson Savarino,28.0,7.0,1.68,2450000,10000000.0,71.0,1.46,4.0,2.3,1,-0.95438596491228,0.910852570021544,16.11809565095832,3,18360,2.0
botafogo,Álvaro Montoro,18.0,7.0,1.7,7900000,3500000.0,70.0,1.75,2.0,4.0,1,-10.95438596491228,119.99857186826716,15.068273526459642,3,18360,2.0
botafogo,Jordan Barrera,19.0,7.0,1.8,4300000,1000000.0,4.0,1.0,0.0,0.0,1,-9.95438596491228,99.08979993844258,13.815510557964274,3,18360,2.0
botafogo,Kauan Lindes,21.0,7.0,1.8,160000000,400000.0,31.0,3.0,1.0,0.1,1,-7.95438596491228,63.27225607879347,12.89921982609012,3,18360,0.0
bragantino,Fabinho,23.0,5.0,1.78,2500000,5000000.0,33.0,1.44,4.0,-1.5,1,-5.95438596491228,35.45471221914435,15.424948470398377,4,18294,2.0
bragantino,Matheus Fernandes,27.0,5.0,1.83,1800000,2000000.0,38.0,1.78,-2.0,-2.0,1,-1.95438596491228,3.819624499846104,14.50865773852422,4,18294,2.0
bragantino,Gabriel,33.0,5.0,1.71,0,1500000.0,81.0,1.33,-7.0,-6.1,1,4.04561403508772,16.366992920898742,14.22097566607244,4,18294,2.0
bragantino,Eric Ramires,25.0,6.0,1.72,1850000,4500000.0,63.0,1.5,2.0,1.6,1,-3.95438596491228,15.637168359495226,15.319587954740548,4,18294,2.0
ceara,Richardson,34.0,5.0,1.74,0,200000.0,58.0,1.83,0.0,-1.9,1,5.04561403508772,25.45822099107418,12.206072645530174,5,17630,0.0
ceara,Lucas Lima,25.0,5.0,1.8,475000000,150000.0,13.0,1.33,-2.0,-1.7,1,-3.95438596491228,15.637168359495226,11.918390573078392,5,17630,0.0
ceara,Matheus Araújo,23.0,7.0,1.76,0,2000000.0,27.0,1.0,-2.0,-1.7,1,-5.95438596491228,35.45471221914435,14.50865773852422,5,17630,2.0
ceara,Lucas Mugni,33.0,7.0,1.84,0,300000.0,60.0,1.44,4.0,0.8,1,4.04561403508772,16.366992920898742,12.611537753638338,5,17630,0.0
corinthians,Raniele,28.0,5.0,1.84,2500000,4000000.0,69.0,1.24,-4.0,2.6,1,-0.95438596491228,0.910852570021544,15.201804919084164,6,17095,2.0
corinthians,André Carrillo,34.0,6.0,1.8,0,1000000.0,61.0,1.27,-1.0,3.6,1,5.04561403508772,25.45822099107418,13.815510557964274,6,17095,0.0
corinthians,Rodrigo Garro,27.0,7.0,1.74,4550000,1400000.0,74.0,1.0,-2.0,1.3,1,-1.95438596491228,3.819624499846104,14.151982794585487,6,17095,2.0
cruzeiro,Walace,30.0,5.0,1.88,8000000,4500000.0,23.0,2.13,2.0,0.2,1,1.04561403508772,1.0933087103724235,15.319587954740548,7,17224,2.0
cruzeiro,Lucas Romero,31.0,5.0,1.67,900000000,2800000.0,85.0,1.95,14.0,11.2,1,2.04561403508772,4.184536780547863,14.845129975145433,7,17224,2.0
cruzeiro,Lucas Silva,32.0,5.0,1.81,0,700000.0,80.0,2.05,17.0,11.0,1,3.04561403508772,9.275764850723304,13.458835614025542,7,17224,0.0
cruzeiro,Christian,24.0,6.0,1.78,4000000,8000000.0,78.0,2.25,22.0,14.5,1,-4.95438596491228,24.545940289319784,15.89495209964411,7,17224,2.0
cruzeiro,Matheus Henrique,27.0,6.0,1.75,6300000,6000000.0,36.0,1.43,-3.0,-3.2,1,-1.95438596491228,3.819624499846104,15.60727002719233,7,17224,2.0
cruzeiro,Matheus Pereira,29.0,7.0,1.75,5000000,1100000.0,78.0,2.0,15.0,10.1,1,0.0456140350877198,0.0020806401969837,13.9108207377686,7,17224,0.0
flamengo,Jorginho,33.0,5.0,1.8,0,6000000.0,84.0,2.38,14.0,4.9,1,4.04561403508772,16.366992920898742,15.60727002719233,8,16044,2.0
flamengo,Erick Pulgar,31.0,5.0,1.87,2800000,5000000.0,72.0,2.22,12.0,8.4,1,2.04561403508772,4.184536780547863,15.424948470398377,8,16044,2.0
flamengo,Allan,28.0,5.0,1.72,8199999,4000000.0,46.0,2.36,10.0,4.5,1,-0.95438596491228,0.910852570021544,15.201804919084164,8,16044,2.0
flamengo,Nicolás de la Cruz,28.0,6.0,1.67,14500000,1800000.0,58.0,1.91,5.0,4.6,1,-0.95438596491228,0.910852570021544,14.403297222866392,8,16044,2.0
flamengo,Giorgian de Arrascaeta,31.0,7.0,1.74,15000000,1500000.0,74.0,2.44,29.0,10.7,1,2.04561403508772,4.184536780547863,14.22097566607244,8,16044,2.0
flamengo,Jorge Carrascal,27.0,7.0,1.8,12500000,7000000.0,26.0,3.0,0.0,0.4,1,-1.95438596491228,3.819624499846104,15.761420707019589,8,16044,2.0
fluminense,Facundo Bernal,22.0,5.0,1.87,3300000,2000000.0,65.0,1.27,-3.0,-5.3,1,-6.95438596491228,48.36348414896891,14.50865773852422,9,16138,2.0
fluminense,Luciano Acosta,31.0,7.0,1.6,3400000,6000000.0,83.0,0.0,-2.0,-0.4,1,2.04561403508772,4.184536780547863,15.60727002719233,9,16138,2.0
fluminense,Lima,29.0,7.0,1.81,500000000,2500000.0,49.0,1.79,0.0,1.5,1,0.0456140350877198,0.0020806401969837,14.73180128983843,9,16138,2.0
fluminense,Ganso,35.0,7.0,1.84,0,400000.0,44.0,1.92,3.0,-0.2,1,6.04561403508772,36.549449061249625,12.89921982609012,9,16138,0.0
fortaleza,Lucas Sasha,35.0,5.0,1.77,0,250000.0,83.0,0.94,-5.0,-2.1,1,6.04561403508772,36.549449061249625,12.429216196844385,10,14121,0.0
fortaleza,Rodrigo Santos,24.0,5.0,1.78,600000000,0.0,13.0,0.0,0.0,0.0,1,-4.95438596491228,24.545940289319784,,10,14121,
fortaleza,Matheus Rossetto,29.0,6.0,1.8,0,1500000.0,64.0,0.9,-5.0,0.5,1,0.0456140350877198,0.0020806401969837,14.22097566607244,10,14121,0.0
fortaleza,Pablo Roberto,25.0,6.0,1.83,1000000,800000.0,45.0,0.0,-1.0,0.8,1,-3.95438596491228,15.637168359495226,13.592367006650065,10,14121,0.0
fortaleza,Kervin Andrade,20.0,7.0,1.63,600000000,1500000.0,23.0,0.88,3.0,2.0,1,-8.95438596491228,80.18102800861803,14.22097566607244,10,14121,0.0
gremio,Gustavo Cuéllar,32.0,5.0,1.76,0,2500000.0,62.0,2.0,1.0,0.8,1,3.04561403508772,9.275764850723304,14.73180128983843,11,13966,1.0
gremio,Camilo,26.0,5.0,1.76,1000000,1200000.0,51.0,0.92,-5.0,-5.7,1,-2.95438596491228,8.728396429670665,13.997832114758229,11,13966,0.0
gremio,Dodi,29.0,5.0,1.69,915000000,700000.0,78.0,1.25,3.0,-0.9,1,0.0456140350877198,0.0020806401969837,13.458835614025542,11,13966,0.0
gremio,Edenilson,35.0,6.0,1.75,0,600000.0,52.0,1.07,-1.0,-5.1,1,6.04561403508772,36.549449061249625,13.304684934198283,11,13966,0.0
gremio,Franco Cristaldo,29.0,7.0,1.75,4000000,7000000.0,51.0,1.0,-4.0,-2.5,1,0.0456140350877198,0.0020806401969837,15.761420707019589,11,13966,2.0
gremio,Miguel Monsalve,21.0,7.0,1.78,2300000,6000000.0,37.0,0.75,-2.0,-1.7,1,-7.95438596491228,63.27225607879347,15.60727002719233,11,13966,2.0
juventude,Daniel Giraldo,33.0,5.0,1.78,0,450000.0,51.0,1.17,-7.0,-2.9,1,4.04561403508772,16.366992920898742,13.017002861746503,12,14238,0.0
juventude,Jádson,31.0,6.0,1.71,0,1000000.0,90.0,0.95,-21.0,-17.1,1,2.04561403508772,4.184536780547863,13.815510557964274,12,14238,0.0
juventude,Lucas Fernandes,27.0,7.0,1.75,0,1500000.0,70.0,0.0,-2.0,-1.4,1,-1.95438596491228,3.819624499846104,14.22097566607244,12,14238,1.0
mirassol,Neto Moura,29.0,5.0,1.76,78000000,900000.0,74.0,1.65,3.0,-2.1,1,0.0456140350877198,0.0020806401969837,13.710150042306449,13,12830,0.0
mirassol,Danielzinho,30.0,6.0,1.66,0,900000.0,89.0,1.72,11.0,3.7,1,1.04561403508772,1.0933087103724235,13.710150042306449,13,12830,0.0
palmeiras,Aníbal Moreno,26.0,5.0,1.77,6450000,1100000.0,58.0,2.43,8.0,4.7,1,-2.95438596491228,8.728396429670665,13.9108207377686,14,13482,1.0
palmeiras,Emiliano Martínez,26.0,5.0,1.85,7150000,7000000.0,57.0,2.19,3.0,5.2,1,-2.95438596491228,8.728396429670665,15.761420707019589,14,13482,1.0
palmeiras,Lucas Evangelista,30.0,6.0,1.81,4000000,3500000.0,57.0,2.13,11.0,7.6,1,1.04561403508772,1.0933087103724235,15.068273526459642,14,13482,1.0
palmeiras,Raphael Veiga,30.0,7.0,1.76,1300000,1500000.0,36.0,1.8,-2.0,0.9,1,1.04561403508772,1.0933087103724235,14.22097566607244,14,13482,1.0
palmeiras,Mauricio,24.0,7.0,1.74,10500000,1100000.0,49.0,2.21,6.0,3.7,1,-4.95438596491228,24.545940289319784,13.9108207377686,14,13482,1.0
santos,João Schmidt,32.0,5.0,1.83,0,1000000.0,68.0,1.0,-4.0,-3.0,1,3.04561403508772,9.275764850723304,13.815510557964274,15,11587,1.0
santos,Zé Rafael,32.0,6.0,1.75,2500000,3000000.0,58.0,1.45,-6.0,-4.3,1,3.04561403508772,9.275764850723304,14.914122846632385,15,11587,1.0
santos,Neymar,33.0,7.0,1.75,0,1200000.0,74.0,1.45,-5.0,-2.1,1,4.04561403508772,16.366992920898742,13.997832114758229,15,11587,1.0
santos,Thaciano,30.0,7.0,1.82,4500000,1500000.0,32.0,1.0,-4.0,-2.7,1,1.04561403508772,1.0933087103724235,14.22097566607244,15,11587,1.0
spfc,Damián Bobadilla,24.0,6.0,1.81,2700000,2500000.0,62.0,1.71,9.0,6.7,1,-4.95438596491228,24.545940289319784,14.73180128983843,16,12396,1.0
spfc,Alisson,32.0,6.0,1.74,0,1800000.0,79.0,1.47,1.0,2.5,1,3.04561403508772,9.275764850723304,14.403297222866392,16,12396,1.0
spfc,Oscar,33.0,7.0,1.8,0,3500000.0,58.0,1.17,-2.0,1.2,1,4.04561403508772,16.366992920898742,15.068273526459642,16,12396,1.0
sport,Christian Rivera,29.0,5.0,1.85,2900000,3000000.0,81.0,0.47,-17.0,-9.2,1,0.0456140350877198,0.0020806401969837,14.914122846632385,17,11623,1.0
sport,Lucas Lima,35.0,7.0,1.76,0,500000.0,79.0,0.53,-9.0,-5.2,1,6.04561403508772,36.549449061249625,13.122363377404328,17,11623,0.0
vasco,Juan Sforza,23.0,5.0,1.79,4600000,3000000.0,36.0,0.0,-1.0,-0.1,1,-5.95438596491228,35.45471221914435,14.914122846632385,18,10871,1.0
vasco,Thiago Mendes,33.0,5.0,1.77,0,3000000.0,33.0,1.0,-4.0,-1.1,1,4.04561403508772,16.366992920898742,14.914122846632385,18,10871,1.0
vasco,Jair,31.0,5.0,1.78,2650000,2500000.0,53.0,1.0,2.0,-0.7,1,2.04561403508772,4.184536780547863,14.73180128983843,18,10871,1.0
vasco,Hugo Moura,27.0,5.0,1.77,2000000,1800000.0,80.0,1.0,3.0,-3.1,1,-1.95438596491228,3.819624499846104,14.403297222866392,18,10871,1.0
vasco,Philippe Coutinho,33.0,7.0,1.72,0,4500000.0,78.0,1.21,5.0,1.4,1,4.04561403508772,16.366992920898742,15.319587954740548,18,10871,1.0
vitoria,Ismael,26.0,5.0,1.84,0,1500000.0,18.0,1.0,-1.0,-0.1,1,-2.95438596491228,8.728396429670665,14.22097566607244,19,11187,1.0
vitoria,Ronald,28.0,5.0,1.71,0,700000.0,68.0,0.94,-9.0,-7.2,1,-0.95438596491228,0.910852570021544,13.458835614025542,19,11187,1.0
vitoria,Aitor Cantalapiedra,29.0,7.0,1.77,0,1800000.0,52.0,0.33,-6.0,-2.3,1,0.0456140350877198,0.0020806401969837,14.403297222866392,19,11187,1.0
internacional,Alan Patrick,34.0,7.0,1.77,2000000,3000000.0,83.0,1.57,5.0,6.7,1,5.04561403508772,25.45822099107418,14.914122846632385,20,9130,1.0
internacional,Bruno Henrique,35.0,6.0,1.8,0,400000.0,60.0,1.47,-1.0,4.0,1,6.04561403508772,36.549449061249625,12.89921982609012,20,9130,0.0
internacional,Bruno Tabata,28.0,8.0,1.75,2200000,2000000.0,49.0,1.25,-2.0,5.0,1,-0.95438596491228,0.910852570021544,14.50865773852422,20,9130,1.0
